{"cameraMode":{"drawMode":0,"name":"Shaded","section":"Shading Mode"},"sceneLighting":true,"audioPlay":false,"sceneViewState":{"m_AlwaysRefresh":false,"showFog":true,"showSkybox":true,"showFlares":true,"showImageEffects":true,"showParticleSystems":true,"showVisualEffectGraphs":true,"m_FxEnabled":true},"in2DMode":false,"pivot":{"x":-25.049579620361329,"y":-216.69265747070313,"z":142.6654052734375},"rotation":{"x":0.45989903807640078,"y":-0.06781071424484253,"z":0.035250525921583179,"w":0.8846835494041443},"size":154.96112060546876,"orthographic":false}