{"cameraMode":{"drawMode":0,"name":"Shaded","section":"Shading Mode"},"sceneLighting":true,"audioPlay":false,"sceneViewState":{"m_AlwaysRefresh":false,"showFog":true,"showSkybox":true,"showFlares":true,"showImageEffects":true,"showParticleSystems":true,"showVisualEffectGraphs":true,"m_FxEnabled":true},"in2DMode":false,"pivot":{"x":-3.7736763954162599,"y":8.787077903747559,"z":0.2678326368331909},"rotation":{"x":0.11521045118570328,"y":0.0238381028175354,"z":-0.002765504876151681,"w":0.9930534362792969},"size":28.97064971923828,"orthographic":true}