{"cameraMode":{"drawMode":0,"name":"Shaded","section":"Shading Mode"},"sceneLighting":true,"audioPlay":false,"sceneViewState":{"m_AlwaysRefresh":false,"showFog":true,"showSkybox":true,"showFlares":true,"showImageEffects":true,"showParticleSystems":true,"showVisualEffectGraphs":true,"m_FxEnabled":true},"in2DMode":false,"pivot":{"x":-1.4422284364700318,"y":4.331264495849609,"z":0.12813183665275575},"rotation":{"x":0.18640223145484925,"y":0.004421005491167307,"z":-0.0008387272246181965,"w":0.9824673533439636},"size":8.836745262145996,"orthographic":true}