{"cameraMode":{"drawMode":0,"name":"Shaded","section":"Shading Mode"},"sceneLighting":true,"audioPlay":false,"sceneViewState":{"m_AlwaysRefresh":false,"showFog":true,"showSkybox":true,"showFlares":true,"showImageEffects":true,"showParticleSystems":true,"showVisualEffectGraphs":true,"m_FxEnabled":true},"in2DMode":false,"pivot":{"x":17.197214126586915,"y":1.4112677574157715,"z":-0.5254770517349243},"rotation":{"x":0.2695976495742798,"y":-0.012999728322029114,"z":0.0036399103701114656,"w":0.9628801345825195},"size":17.98499298095703,"orthographic":true}