{"cameraMode":{"drawMode":0,"name":"Shaded","section":"Shading Mode"},"sceneLighting":true,"audioPlay":false,"sceneViewState":{"m_AlwaysRefresh":false,"showFog":true,"showSkybox":true,"showFlares":true,"showImageEffects":true,"showParticleSystems":true,"showVisualEffectGraphs":true,"m_FxEnabled":true},"in2DMode":false,"pivot":{"x":3.2987635135650636,"y":-0.8342479467391968,"z":-0.5627676248550415},"rotation":{"x":0.08987241238355637,"y":-0.011951003223657608,"z":0.0010788815561681986,"w":0.9958851933479309},"size":3.4279274940490724,"orthographic":true}